price,ret,signal,position,trade,cost,strat_ret,equity
87.29000091552734,0.0,0.0,0.0,0.0,0.0,0.0,1.0
88.83999633789062,0.017756849651809015,1.0,0.0,0.0,0.0,0.0,1.0
88.5199966430664,-0.0036019778029610094,1.0,1.0,1.0,0.0005,-0.00410197780296101,0.995898022197039
90.16000366210938,0.018526966575200587,1.0,1.0,0.0,0.0,0.018526966575200587,1.014348991566592
90.7699966430664,0.006765671652400274,1.0,1.0,0.0,0.0,0.006765671652400274,1.0212117437844748
91.4800033569336,0.007822041865432006,1.0,1.0,0.0,0.0,0.007822041865432006,1.0291997047978279
91.1999969482422,-0.003060848255534876,1.0,1.0,0.0,0.0,-0.003060848255534876,1.0260494806768004
90.27999877929688,-0.010087699558448904,1.0,1.0,0.0,0.0,-0.010087699558448904,1.0156990017836303
89.62999725341797,-0.007199839772571659,1.0,1.0,0.0,0.0,-0.007199839772571659,1.0083861317136271
90.02999877929688,0.004462808637023086,1.0,1.0,0.0,0.0,0.004462808637023086,1.012886366051693
89.68000030517578,-0.003887576128697834,1.0,1.0,0.0,0.0,-0.003887576128697834,1.0089486931939469
90.38999938964844,0.007917028122843117,1.0,1.0,0.0,0.0,0.007917028122843117,1.0169365683724692
93.68000030517578,0.03639784199295071,1.0,1.0,0.0,0.0,0.03639784199295071,1.0539508649049438
91.70999908447266,-0.021029047974867265,1.0,1.0,0.0,0.0,-0.021029047974867265,1.0317872816037048
90.79000091552734,-0.01003160154977123,1.0,1.0,0.0,0.0,-0.01003160154977123,1.021436802710535
88.81999969482422,-0.02169843816320749,1.0,1.0,0.0,0.0,-0.02169843816320749,0.999273219409296
89.2300033569336,0.0046161187065763,1.0,1.0,0.0,0.0,0.0046161187065763,1.003885983210392
84.22000122070312,-0.056147057578712634,-1.0,1.0,0.0,0.0,-0.056147057578712634,0.9475207391086155
82.30999755859375,-0.02267874180034868,-1.0,-1.0,2.0,0.001,0.021678741800348678,0.9680617965622268
82.79000091552734,0.0058316531547932815,-1.0,-1.0,0.0,0.0,-0.0058316531547932815,0.9624163959322698
86.37999725341797,0.04336268025354406,-1.0,-1.0,0.0,0.0,-0.04336268025354406,0.9206834414846905
85.97000122070312,-0.00474642331270303,-1.0,-1.0,0.0,0.0,0.00474642331270303,0.9250533948349731
83.48999786376953,-0.028847310942416993,-1.0,-1.0,0.0,0.0,0.028847310942416993,0.951738697754116
82.91000366210938,-0.006946870481498002,-1.0,-1.0,0.0,0.0,0.006946870481498002,0.9583503032196435
87.69000244140625,0.05765285934345443,-1.0,-1.0,0.0,0.0,-0.05765285934345443,0.9030986679863645
86.66000366210938,-0.01174590889064131,-1.0,-1.0,0.0,0.0,0.01174590889064131,0.9137063826597919
86.66000366210938,0.0,-1.0,-1.0,0.0,0.0,-0.0,0.9137063826597919
88.31999969482422,0.019155273050613264,-1.0,-1.0,0.0,0.0,-0.019155273050613264,0.8962040874118554
89.37000274658203,0.01188862155101833,-1.0,-1.0,0.0,0.0,-0.01188862155101833,0.8855494561841402
88.75,-0.006937481565711834,1.0,-1.0,0.0,0.0,0.006937481565711834,0.8916929392119439
85.48999786376953,-0.03673241843639963,-1.0,1.0,2.0,0.001,-0.03773241843639963,0.8580472081128158
83.73999786376953,-0.020470230947819967,-1.0,-1.0,2.0,0.001,0.019470230947819966,0.8747535854189046
85.38999938964844,0.01970386395952839,-1.0,-1.0,0.0,0.0,-0.01970386395952839,0.8575175597737008
83.20999908447266,-0.025529925292868128,-1.0,-1.0,0.0,0.0,0.025529925292868128,0.879409919012046
85.54000091552734,0.028001464447672042,-1.0,-1.0,0.0,0.0,-0.028001464447672042,0.8547851534299
82.30999755859375,-0.037760151068075065,-1.0,-1.0,0.0,0.0,0.037760151068075065,0.8870619699541606
81.0199966430664,-0.01567246936933797,-1.0,-1.0,0.0,0.0,0.01567246936933797,0.9009644215069719
80.44000244140625,-0.0071586549702701285,-1.0,-1.0,0.0,0.0,0.0071586549702701285,0.9074141149410292
82.45999908447266,0.025111842140206342,-1.0,-1.0,0.0,0.0,-0.025111842140206342,0.884627274930835
80.51000213623047,-0.023647792504152165,-1.0,-1.0,0.0,0.0,0.023647792504152165,0.9055467571719129
80.81999969482422,0.0038504229334039852,-1.0,-1.0,0.0,0.0,-0.0038504229334039852,0.9020600191708286
77.37000274658203,-0.042687416001848,-1.0,-1.0,0.0,0.0,0.042687416001848,0.9405666304678088
75.33000183105469,-0.026366819737737024,-1.0,-1.0,0.0,0.0,0.026366819737737024,0.9653663812646843
75.73999786376953,0.005442665906664423,-1.0,-1.0,0.0,0.0,-0.005442665906664423,0.960112214573935
77.16999816894531,0.01888038480998988,-1.0,-1.0,0.0,0.0,-0.01888038480998988,0.9419849265020076
78.26000213623047,0.014124711586734229,-1.0,-1.0,0.0,0.0,-0.014124711586734229,0.9286796610961157
78.26000213623047,0.0,-1.0,-1.0,0.0,0.0,-0.0,0.9286796610961157
76.66000366210938,-0.020444651551834947,-1.0,-1.0,0.0,0.0,0.020444651551834947,0.947666193170502
72.9000015258789,-0.049047768805272285,-1.0,-1.0,0.0,0.0,0.049047768805272285,0.9941471055177012
75.88999938964844,0.04101505900117308,-1.0,-1.0,0.0,0.0,-0.04101505900117308,0.9533721033290473
77.5999984741211,0.022532601109836126,-1.0,-1.0,0.0,0.0,-0.022532601109836126,0.9318901500154885
77.7699966430664,0.0021906980964954137,-1.0,-1.0,0.0,0.0,-0.0021906980964954137,0.9298486600377067
77.0999984741211,-0.008615124056393308,-1.0,-1.0,0.0,0.0,0.008615124056393308,0.9378594215976027
75.54000091552734,-0.020233431770006693,-1.0,-1.0,0.0,0.0,0.020233431770006693,0.9568355362143557
74.86000061035156,-0.009001857253565504,-1.0,-1.0,0.0,0.0,0.009001857253565504,0.9654488331264961
76.41000366210938,0.02070535718835509,-1.0,-1.0,0.0,0.0,-0.02070535718835509,0.9454588701895313
77.86000061035156,0.018976532898155263,-1.0,-1.0,0.0,0.0,-0.018976532898155263,0.927517338835527
75.95999908447266,-0.02440279361655051,-1.0,-1.0,0.0,0.0,0.02440279361655051,0.9501513530309025
74.06999969482422,-0.024881508852397816,-1.0,-1.0,0.0,0.0,0.024881508852397816,0.9737925523324585
73.04000091552734,-0.013905748393959416,-1.0,-1.0,0.0,0.0,0.013905748393959416,0.9873338665531054
72.31999969482422,-0.009857628856492329,-1.0,-1.0,0.0,0.0,0.009857628856492329,0.9970666373670315
69.37999725341797,-0.04065268879718564,-1.0,-1.0,0.0,0.0,0.04065268879718564,1.0376000770859697
69.33999633789062,-0.0005765482431663305,-1.0,-1.0,0.0,0.0,0.0005765482431663305,1.0381983035875229
71.2300033569336,0.027257097185772183,-1.0,-1.0,0.0,0.0,-0.027257097185772183,1.009900031528534
71.31999969482422,0.0012634610929280754,-1.0,-1.0,0.0,0.0,-0.0012634610929280754,1.0086240621309508
68.61000061035156,-0.03799774391571298,-1.0,-1.0,0.0,0.0,0.03799774391571298,1.0469495009510288
69.47000122070312,0.012534624729646282,-1.0,-1.0,0.0,0.0,-0.012534624729646282,1.0338263818457172
71.58000183105469,0.030372831053337546,-1.0,-1.0,0.0,0.0,-0.030372831053337546,1.002426147811434
71.43000030517578,-0.002095578681779675,-1.0,-1.0,0.0,0.0,0.002095578681779675,1.0045268106768461
72.47000122070312,0.014559721560745809,-1.0,-1.0,0.0,0.0,-0.014559721560745809,0.9899011800130872
73.44000244140625,0.013384865521790745,-1.0,-1.0,0.0,0.0,-0.013384865521790745,0.97665148583875
74.22000122070312,0.010620898057828843,-1.0,-1.0,0.0,0.0,-0.010620898057828843,0.9662785699696296
73.88999938964844,-0.004446265502925373,-1.0,-1.0,0.0,0.0,0.004446265502925373,0.9705749010415016
73.55999755859375,-0.004466123071871553,-1.0,-1.0,0.0,0.0,0.004466123071871553,0.9749096080000226
75.56999969482422,0.027324662900232166,-1.0,-1.0,0.0,0.0,-0.027324662900232166,0.9482705316032245
74.11000061035156,-0.019319823876784437,-1.0,-1.0,0.0,0.0,0.019319823876784437,0.9665909512613435
71.7699966430664,-0.0315747395495003,-1.0,-1.0,0.0,0.0,0.0315747395495003,0.9971108087983241
71.6500015258789,-0.0016719398467338609,-1.0,-1.0,0.0,0.0,0.0016719398467338609,0.998777918091163
70.37999725341797,-0.01772511158987533,-1.0,-1.0,0.0,0.0,0.01772511158987533,1.0164813681428322
72.69999694824219,0.03296390715206443,-1.0,-1.0,0.0,0.0,-0.03296390715206443,0.9829741707015685
72.19000244140625,-0.007015055409136051,-1.0,-1.0,0.0,0.0,0.007015055409136051,0.9898697889747894
73.80999755859375,0.022440712874367774,-1.0,-1.0,0.0,0.0,-0.022440712874367774,0.9676564052573952
70.7699966430664,-0.041186844818875024,-1.0,-1.0,0.0,0.0,0.041186844818875024,1.0075111194587218
72.23999786376953,0.020771531587279624,-1.0,-1.0,0.0,0.0,-0.020771531587279624,0.9865835704163496
71.37000274658203,-0.012043122133366335,-1.0,-1.0,0.0,0.0,0.012043122133366335,0.9984651168496463
72.0199966430664,0.009107382254031071,-1.0,-1.0,0.0,0.0,-0.009107382254031071,0.9893717133631809
72.68000030517578,0.009164172353136602,-1.0,-1.0,0.0,0.0,-0.009164172353136602,0.9803049404606026
72.4000015258789,-0.0038524873159216932,-1.0,-1.0,0.0,0.0,0.0038524873159216932,0.9840815528094623
72.55999755859375,0.0022098899080500445,-1.0,-1.0,0.0,0.0,-0.0022098899080500445,0.9819068409172105
74.08000183105469,0.02094824040248211,-1.0,-1.0,0.0,0.0,-0.02094824040248211,0.961337620360835
73.41000366210938,-0.009044251517073332,1.0,-1.0,0.0,0.0,0.009044251517073332,0.9700321995922031
75.19000244140625,0.02424735990328819,1.0,1.0,2.0,0.001,0.02324735990328819,0.9925828872539012
74.37000274658203,-0.01090570113311573,1.0,1.0,0.0,0.0,-0.01090570113311573,0.981758074935665
75.08999633789062,0.009681236583545472,1.0,1.0,0.0,0.0,0.009681236583545472,0.9912627071269233
77.36000061035156,0.030230448570623958,1.0,1.0,0.0,0.0,0.030230448570623958,1.0212290234147012
78.01000213623047,0.008402294735658566,1.0,1.0,0.0,0.0,0.008402294735658566,1.0298096906620404
76.77999877929688,-0.01576725193245876,1.0,1.0,0.0,0.0,-0.01576725193245876,1.0135724218268847
77.81999969482422,0.013545206200338944,1.0,1.0,0.0,0.0,0.013545206200338944,1.0273014692795068
75.8499984741211,-0.025314844878290943,1.0,1.0,0.0,0.0,-0.025314844878290943,1.0012954919414558
73.81999969482422,-0.02676333315932078,1.0,1.0,0.0,0.0,-0.02676333315932078,0.9744974870997006
72.27999877929688,-0.020861567622511346,1.0,1.0,0.0,0.0,-0.020861567622511346,0.9541679418746029
72.77999877929688,0.0069175430055929965,1.0,1.0,0.0,0.0,0.0069175430055929965,0.9607684396470786
73.30999755859375,0.007282203739850113,-1.0,1.0,0.0,0.0,0.007282203739850113,0.9677649511714065
73.86000061035156,0.007502429001149835,-1.0,-1.0,2.0,0.001,-0.008502429001149836,0.9595365983842704
76.22000122070312,0.031952350268743546,1.0,-1.0,0.0,0.0,-0.031952350268743546,0.9288771488970174
76.83999633789062,0.008134283747808446,1.0,1.0,2.0,0.001,0.007134283747808446,0.9355040220441042
76.91999816894531,0.0010411482934342686,1.0,1.0,0.0,0.0,0.0010411482934342686,0.9364780204601564
77.87000274658203,0.012350553825419386,1.0,1.0,0.0,0.0,0.012350553825419386,0.9480440426581718
76.63999938964844,-0.015795599249386005,1.0,1.0,0.0,0.0,-0.015795599249386005,0.9330691188895754
78.02999877929688,0.018136735395592574,1.0,1.0,0.0,0.0,0.018136735395592574,0.9499919466046743
79.19000244140625,0.014866124314449669,1.0,1.0,0.0,0.0,0.014866124314449669,0.9641146449806255
78.18000030517578,-0.01275416220599035,1.0,1.0,0.0,0.0,-0.01275416220599035,0.9518181704133718
77.91000366210938,-0.003453525735641727,1.0,1.0,0.0,0.0,-0.003453525735641727,0.9485310418661977
78.61000061035156,0.008984686373241901,1.0,1.0,0.0,0.0,0.008984686373241901,0.9570532957926499
76.48999786376953,-0.02696861379114235,1.0,1.0,0.0,0.0,-0.02696861379114235,0.931242895080878
77.58000183105469,0.014250281052778702,1.0,1.0,0.0,0.0,0.014250281052778702,0.9445133680641838
78.87000274658203,0.016628008315036746,1.0,1.0,0.0,0.0,0.016628008315036746,0.9602187442020185
78.54000091552734,-0.0041841234888125856,1.0,1.0,0.0,0.0,-0.0041841234888125856,0.9562010704000047
78.26000213623047,-0.003565046804596128,1.0,1.0,0.0,0.0,-0.003565046804596128,0.9527921688294237
79.97000122070312,0.02185023048550372,1.0,1.0,0.0,0.0,0.02185023048550372,0.9736108973231297
78.73999786376953,-0.01538080953055132,1.0,1.0,0.0,0.0,-0.01538080953055132,0.9586359735545334
78.1500015258789,-0.007492968680433476,1.0,1.0,0.0,0.0,-0.007492968680433476,0.9514529442287525
79.12999725341797,0.012539932289246991,1.0,1.0,0.0,0.0,0.012539932289246991,0.9633840997257858
78.93000030517578,-0.002527447936105487,1.0,1.0,0.0,0.0,-0.002527447936105487,0.960949196571257
78.01000213623047,-0.011655874387282661,1.0,1.0,0.0,0.0,-0.011655874387282661,0.9497484934434622
77.93000030517578,-0.0010255329940253022,1.0,1.0,0.0,0.0,-0.0010255329940253022,0.9487744950274102
77.55999755859375,-0.0047478858608122065,1.0,1.0,0.0,0.0,-0.0047478858608122065,0.9442698220173703
79.72000122070312,0.027849455003883472,1.0,1.0,0.0,0.0,0.027849455003883472,0.9705672219371682
81.26000213623047,0.019317622829230663,1.0,1.0,0.0,0.0,0.019317622829230663,0.9893162734609646
81.04000091552734,-0.002707374045281208,1.0,1.0,0.0,0.0,-0.002707374045281208,0.9866378242596221
82.72000122070312,0.02073050698662926,1.0,1.0,0.0,0.0,0.02073050698662926,1.007091326568709
83.47000122070312,0.009066731007401074,1.0,1.0,0.0,0.0,0.009066731007401074,1.0162223527265941
81.68000030517578,-0.021444841132737036,1.0,1.0,0.0,0.0,-0.021444841132737036,0.994429625816836
81.06999969482422,-0.007468175906861663,1.0,1.0,0.0,0.0,-0.007468175906861663,0.9870030504442413
80.62999725341797,-0.005427438547706553,1.0,1.0,0.0,0.0,-0.005427438547706553,0.9816461520415563
81.94999694824219,0.01637107453539266,1.0,1.0,0.0,0.0,0.01637107453539266,0.99771675436401
81.62000274658203,-0.004026775032933472,1.0,1.0,0.0,0.0,-0.004026775032933472,0.9936991734475975
81.3499984741211,-0.003308064976415892,1.0,1.0,0.0,0.0,-0.003308064976415892,0.9904119520148221
83.16999816894531,0.022372461327128335,1.0,1.0,0.0,0.0,0.022372461327128335,1.0125699051091994
83.70999908447266,0.006492736893301654,1.0,1.0,0.0,0.0,0.006492736893301654,1.019144255089149
85.1500015258789,0.017202275201952055,1.0,1.0,0.0,0.0,0.017202275201952055,1.036675855035681
85.43000030517578,0.0032883003438559655,1.0,1.0,0.0,0.0,0.0032883003438559655,1.0400847566062619
86.58999633789062,0.013578321767190316,1.0,1.0,0.0,0.0,0.013578321767190316,1.0542073620966115
86.91000366210938,0.003695661597790334,1.0,1.0,0.0,0.0,0.003695661597790334,1.0581033557608197
86.43000030517578,-0.005522993173487367,1.0,1.0,0.0,0.0,-0.005522993173487367,1.0522594581501086
85.2300033569336,-0.01388403267389926,1.0,1.0,0.0,0.0,-0.01388403267389926,1.0376498534517329
86.20999908447266,0.011498248139624634,1.0,1.0,0.0,0.0,0.011498248139624634,1.049581008948766
85.0199966430664,-0.013803531539772207,1.0,1.0,0.0,0.0,-0.013803531539772207,1.0350930843881958
85.66000366210938,0.007527723409939346,1.0,1.0,0.0,0.0,0.007527723409939346,1.042884978831011
85.41000366210938,-0.0029185149347662476,1.0,1.0,0.0,0.0,-0.0029185149347662476,1.0398413034450493
85.36000061035156,-0.0005854472498986185,1.0,1.0,0.0,0.0,-0.0005854472498986185,1.0392325312136164
82.69000244140625,-0.03127926604796116,1.0,1.0,0.0,0.0,-0.03127926604796116,1.0067261003840895
82.7300033569336,0.00048374548731788813,1.0,1.0,0.0,0.0,0.00048374548731788813,1.0072130995921154
83.13999938964844,0.004955832419659689,1.0,1.0,0.0,0.0,0.004955832419659689,1.01220467892458
82.8499984741211,-0.003488103411791066,1.0,1.0,0.0,0.0,-0.003488103411791066,1.0086740043305922
83.36000061035156,0.00615572897553851,1.0,1.0,0.0,0.0,0.00615572897553851,1.0148831281259225
82.80999755859375,-0.006597925236693336,-1.0,1.0,0.0,0.0,-0.006597925236693336,1.0081870051225663
83.56999969482422,0.009177661618607225,-1.0,-1.0,2.0,0.001,-0.010177661618607226,0.9979260189361518
83.8499984741211,0.00335047002895017,1.0,-1.0,0.0,0.0,-0.00335047002895017,0.9945824977185967
82.62999725341797,-0.014549806116927466,-1.0,1.0,2.0,0.001,-0.015549806116927467,0.9791169327117831
81.93000030517578,-0.008471462804184426,-1.0,-1.0,2.0,0.001,0.007471462804184426,0.9864323684554864
79.0,-0.035762239646796146,-1.0,-1.0,0.0,0.0,0.035762239646796146,1.0217093992115485
78.94999694824219,-0.0006329500222508333,-1.0,-1.0,0.0,0.0,0.0006329500222508333,1.0223560901985134
78.11000061035156,-0.01063959937124892,-1.0,-1.0,0.0,0.0,0.01063959937124892,1.033233549412982
78.4800033569336,0.004736944612608207,-1.0,-1.0,0.0,0.0,-0.004736944612608207,1.0283391793175243
78.37999725341797,-0.0012742877069052971,-1.0,-1.0,0.0,0.0,0.0012742877069052971,1.0296495792922578
78.98999786376953,0.007782605661228903,-1.0,-1.0,0.0,0.0,-0.007782605661228903,1.0216362226473759
79.26000213623047,0.0034182083778075967,-1.0,-1.0,0.0,0.0,-0.0034182083778075967,1.0181440571520508
78.26000213623047,-0.01261670417673244,-1.0,-1.0,0.0,0.0,0.01261670417673244,1.0309896795304363
79.12000274658203,0.010989018488071656,-1.0,-1.0,0.0,0.0,-0.010989018488071656,1.0196601148810653
78.0199966430664,-0.013903008914684878,-1.0,-1.0,0.0,0.0,0.013903008914684878,1.0338364585482056
78.62999725341797,0.007818516234270767,-1.0,-1.0,0.0,0.0,-0.007818516234270767,1.0257533914134656
79.2300033569336,0.00763075320455453,-1.0,-1.0,0.0,0.0,-0.00763075320455453,1.0179261204348546
80.05999755859375,0.01047575623493291,-1.0,-1.0,0.0,0.0,-0.01047575623493291,1.007262574532008
79.80000305175781,-0.0032474958126954556,-1.0,-1.0,0.0,0.0,0.0032474958126954556,1.0105336555250855
79.26000213623047,-0.0067669285072220475,-1.0,-1.0,0.0,0.0,0.0067669285072220475,1.0173718645261653
77.56999969482422,-0.021322260861178277,-1.0,-1.0,0.0,0.0,0.021322260861178277,1.0390645328144155
76.87000274658203,-0.009024067951477588,-1.0,-1.0,0.0,0.0,0.009024067951477588,1.0484411217645029
77.72000122070312,0.01105760951932444,-1.0,-1.0,0.0,0.0,-0.01105760951932444,1.0368478692360286
79.83000183105469,0.027148746490105458,-1.0,-1.0,0.0,0.0,-0.027148746490105458,1.0086987492853337
79.2300033569336,-0.007515952152811867,-1.0,-1.0,0.0,0.0,0.007515952152811867,1.0162800808215633
77.91000366210938,-0.016660351368124715,-1.0,-1.0,0.0,0.0,0.016660351368124715,1.0332116640564768
76.98999786376953,-0.011808570852208544,-1.0,-1.0,0.0,0.0,0.011808570852208544,1.045412417196816
74.22000122070312,-0.035978655928368686,-1.0,-1.0,0.0,0.0,0.035978655928368686,1.0830249508583842
73.25,-0.013069269802606143,-1.0,-1.0,0.0,0.0,0.013069269802606143,1.097179296144107
74.06999969482422,0.011194535082924562,-1.0,-1.0,0.0,0.0,-0.011194535082924562,1.0848968840211632
75.55000305175781,0.019981144363863335,-1.0,-1.0,0.0,0.0,-0.019981144363863335,1.0632194027616308
75.52999877929688,-0.0002647818881917896,-1.0,-1.0,0.0,0.0,0.0002647818881917896,1.0635009240026563
77.73999786376953,0.029259885081295955,-1.0,-1.0,0.0,0.0,-0.029259885081295955,1.0323830091824866
77.9000015258789,0.0020581896900713215,-1.0,-1.0,0.0,0.0,-0.0020581896900713215,1.0302581691167825
78.5,0.007702162546450841,-1.0,-1.0,0.0,0.0,-0.007702162546450841,1.0223229532334361
78.62000274658203,0.0015286974086883287,-1.0,-1.0,0.0,0.0,-0.0015286974086883287,1.0207601307839855
78.44999694824219,-0.0021623733452137417,-1.0,-1.0,0.0,0.0,0.0021623733452137417,1.0229673952826497
80.33000183105469,0.02396437165004417,1.0,-1.0,0.0,0.0,-0.02396437165004417,0.9984526244362186
81.56999969482422,0.015436298213678867,1.0,1.0,2.0,0.001,0.014436298213678866,1.0128665842748104
82.16999816894531,0.007355626779034674,1.0,1.0,0.0,0.0,0.007355626779034674,1.0203168528456916
80.7300033569336,-0.017524581283925866,1.0,1.0,0.0,0.0,-0.017524581283925866,1.002436227222638
81.62999725341797,0.011148195950211992,1.0,1.0,0.0,0.0,0.011148195950211992,1.013611582711307
80.83000183105469,-0.009800262762226009,1.0,1.0,0.0,0.0,-0.009800262762226009,1.0036779228619004
80.9000015258789,0.000866011298261915,1.0,1.0,0.0,0.0,0.000866011298261915,1.0045471192829147
81.73999786376953,0.010383143659421501,1.0,1.0,0.0,0.0,0.010383143659421501,1.0149774763350872
81.54000091552734,-0.0024467452100440656,1.0,1.0,0.0,0.0,-0.0024467452100440656,1.0124940850565616
83.37999725341797,0.02256556680440558,1.0,1.0,0.0,0.0,0.02256556680440558,1.035341587971971
82.80999755859375,-0.00683616830895073,1.0,1.0,0.0,0.0,-0.00683616830895073,1.0282638186193382
83.87999725341797,0.01292114148496526,1.0,1.0,0.0,0.0,0.01292114148496526,1.0415501609035893
83.16000366210938,-0.00858361486509529,1.0,1.0,0.0,0.0,-0.00858361486509529,1.032609895459715
82.33000183105469,-0.009980781559691843,1.0,1.0,0.0,0.0,-0.009980781559691843,1.0223036416567552
81.41000366210938,-0.011174518990454962,1.0,1.0,0.0,0.0,-0.011174518990454962,1.0108798901990506
82.0999984741211,0.008475553138107328,1.0,1.0,0.0,0.0,0.008475553138107328,1.0194476564246766
82.62000274658203,0.006333791499701924,1.0,1.0,0.0,0.0,0.006333791499701924,1.0259046253253303
82.20999908447266,-0.004962522978448347,1.0,1.0,0.0,0.0,-0.004962522978448347,1.020813550048457
81.91000366210938,-0.003649135454374952,1.0,1.0,0.0,0.0,-0.003649135454374952,1.0170884631306687
80.76000213623047,-0.014039817781266728,1.0,1.0,0.0,0.0,-0.014039817781266728,1.0028087264408856
82.8499984741211,0.025879102062987824,1.0,1.0,0.0,0.0,0.025879102062987824,1.028760515822104
82.81999969482422,-0.0003620854538246565,1.0,1.0,0.0,0.0,-0.0003620854538246565,1.0283880166038557
80.12999725341797,-0.03248010687416558,1.0,1.0,0.0,0.0,-0.03248010687416558,0.9949858639164513
79.77999877929688,-0.004367883266165551,1.0,1.0,0.0,0.0,-0.004367883266165551,0.9906398818113793
76.95999908447266,-0.035347201528862615,-1.0,1.0,0.0,0.0,-0.035347201528862615,0.9556235342664638
77.58999633789062,0.00818603509501692,-1.0,-1.0,2.0,0.001,-0.00918603509501692,0.946845142943068
78.27999877929688,0.00889293045460926,-1.0,-1.0,0.0,0.0,-0.00889293045460926,0.9384249149355908
77.16000366210938,-0.014307551541297592,-1.0,-1.0,0.0,0.0,0.014307551541297592,0.9518514777736695
75.80999755859375,-0.017496190246794496,-1.0,-1.0,0.0,0.0,0.017496190246794496,0.9685052523154901
74.7300033569336,-0.014246065643590433,-1.0,-1.0,0.0,0.0,0.014246065643590433,0.9823026417161388
77.91000366210938,0.04255319366154864,-1.0,-1.0,0.0,0.0,-0.04255319366154864,0.9405025271689411
76.30999755859375,-0.02053659386867379,-1.0,-1.0,0.0,0.0,0.02053659386867379,0.9598172456018709
73.5199966430664,-0.03656140747986625,-1.0,-1.0,0.0,0.0,0.03656140747986625,0.9949095150245236
72.94000244140625,-0.007888931285946366,-1.0,-1.0,0.0,0.0,0.007888931285946366,1.0027582878242864
73.19999694824219,0.0035644981921243435,-1.0,-1.0,0.0,0.0,-0.0035644981921243435,0.9991839577201991
75.2300033569336,0.02773232914376722,-1.0,-1.0,0.0,0.0,-0.02773232914376722,0.9714742593295306
76.19000244140625,0.012760853936399252,-1.0,-1.0,0.0,0.0,-0.012760853936399252,0.9590774182032548
76.83999633789062,0.008531222938130911,-1.0,-1.0,0.0,0.0,-0.008531222938130911,0.9508953149336358
80.05999755859375,0.0419052755617495,-1.0,-1.0,0.0,0.0,-0.0419052755617495,0.9110477847309651
78.3499984741211,-0.021358969980247,-1.0,-1.0,0.0,0.0,0.021358969980247,0.9305068270156044
76.9800033569336,-0.017485579372921167,-1.0,-1.0,0.0,0.0,0.017485579372921167,0.9467772779964307
78.16000366210938,0.01532866008987388,-1.0,-1.0,0.0,0.0,-0.01532866008987388,0.9322644509212075
76.6500015258789,-0.01931937135978523,-1.0,-1.0,0.0,0.0,0.01931937135978523,0.9502752140540806
74.37000274658203,-0.029745580351059675,-1.0,-1.0,0.0,0.0,0.029745580351059675,0.9785417017893467
74.04000091552734,-0.004437297550992092,-1.0,-1.0,0.0,0.0,0.004437297550992092,0.9828837824862402
71.93000030517578,-0.028498117021350078,-1.0,-1.0,0.0,0.0,0.028498117021350078,1.0108941195379202
73.01000213623047,0.0150146229177337,-1.0,-1.0,0.0,0.0,-0.0150146229177337,0.9957159255233039
74.83000183105469,0.024928087132886967,-1.0,-1.0,0.0,0.0,-0.024928087132886967,0.9708946321722558
77.41999816894531,0.03461173693057118,-1.0,-1.0,0.0,0.0,-0.03461173693057118,0.9372902825762061
75.52999877929688,-0.0244122892579266,-1.0,-1.0,0.0,0.0,0.0244122892579266,0.9601716840731002
74.5199966430664,-0.013372198498000198,-1.0,-1.0,0.0,0.0,0.013372198498000198,0.9730112904246848
75.91000366210938,0.018652805712012777,-1.0,-1.0,0.0,0.0,-0.018652805712012777,0.9548618998687983
73.55000305175781,-0.03108945457118406,-1.0,-1.0,0.0,0.0,0.03108945457118406,0.9845480355265237
70.33999633789062,-0.043643869213822795,-1.0,-1.0,0.0,0.0,0.043643869213822795,1.0275175212237695
69.19999694824219,-0.016206986764290554,-1.0,-1.0,0.0,0.0,0.016206986764290554,1.0441704840903199
69.1500015258789,-0.0007224772336431595,-1.0,-1.0,0.0,0.0,0.0007224772336431595,1.0449248734931174
67.66999816894531,-0.021402795723434842,-1.0,-1.0,0.0,0.0,0.021402795723434842,1.0672891871068266
68.70999908447266,0.015368714994359323,-1.0,-1.0,0.0,0.0,-0.015368714994359323,1.0508863237736203
65.75,-0.0430795972043837,-1.0,-1.0,0.0,0.0,0.0430795972043837,1.0961580833093836
67.30999755859375,0.02372619860979097,-1.0,-1.0,0.0,0.0,-0.02372619860979097,1.0701504189170574
68.97000122070312,0.02466206688931072,-1.0,-1.0,0.0,0.0,-0.02466206688931072,1.0437582977041011
68.6500015258789,-0.004639693912723342,-1.0,-1.0,0.0,0.0,0.004639693912723342,1.0486010167243134
70.08999633789062,0.020975889002258663,-1.0,-1.0,0.0,0.0,-0.020975889002258663,1.0266056781898487
71.19000244140625,0.015694195477093498,-1.0,-1.0,0.0,0.0,-0.015694195477093498,1.010493927998443
70.91000366210938,-0.003933119394501139,-1.0,-1.0,0.0,0.0,0.003933119394501139,1.0144683212646795
71.94999694824219,0.014666383195923283,-1.0,-1.0,0.0,0.0,-0.014666383195923283,0.9995897401248867
71.91999816894531,-0.0004169392712893849,-1.0,-1.0,0.0,0.0,0.0004169392712893849,1.0000065083427228
70.37000274658203,-0.021551661037618852,-1.0,-1.0,0.0,0.0,0.021551661037618852,1.021558309645938
71.55999755859375,0.016910540934567786,-1.0,-1.0,0.0,0.0,-0.016910540934567786,1.0042832060336224
69.69000244140625,-0.026131849929932338,-1.0,-1.0,0.0,0.0,0.026131849929932338,1.0305269840608444
67.66999816894531,-0.02898556753760073,-1.0,-1.0,0.0,0.0,0.02898556753760073,1.06039739355666
68.18000030517578,0.007536606325260875,-1.0,-1.0,0.0,0.0,-0.007536606325260875,1.0524055958530907
68.16999816894531,-0.00014670190944121586,-1.0,-1.0,0.0,0.0,0.00014670190944121586,1.0525599857635088
69.83000183105469,0.024350941861482678,-1.0,-1.0,0.0,0.0,-0.024350941861482678,1.0269291587444587
70.0999984741211,0.0038664848344072134,-1.0,-1.0,0.0,0.0,-0.0038664848344072134,1.0229585527261627
73.70999908447266,0.051497870027547465,-1.0,-1.0,0.0,0.0,-0.051497870027547465,0.9702783661343026
74.37999725341797,0.009089651027908596,1.0,-1.0,0.0,0.0,-0.009089651027908596,0.9614588743862125
77.13999938964844,0.03710677921682293,1.0,1.0,2.0,0.001,0.036106779216822926,0.9961740576897304
73.56999969482422,-0.04627948824307726,1.0,1.0,0.0,0.0,-0.04627948824307726,0.95007163209882
73.23999786376953,-0.004485548897968816,1.0,1.0,0.0,0.0,-0.004485548897968816,0.9458100393364677
75.8499984741211,0.035636273709432675,1.0,1.0,0.0,0.0,0.035636273709432675,0.9795151847753913
75.55999755859375,-0.0038233476778023467,1.0,1.0,0.0,0.0,-0.0038233476778023467,0.9757701576683082
73.83000183105469,-0.02289565621276679,1.0,1.0,0.0,0.0,-0.02289565621276679,0.9534292595956574
70.58000183105469,-0.044020044960001226,1.0,1.0,0.0,0.0,-0.044020044960001226,0.9114592607220758
70.38999938964844,-0.002692015251870572,1.0,1.0,0.0,0.0,-0.002692015251870572,0.9090055984907534
70.66999816894531,0.003977820453541003,1.0,1.0,0.0,0.0,0.003977820453541003,0.9126214595528132
69.22000122070312,-0.020517857447453047,-1.0,1.0,0.0,0.0,-0.020517857447453047,0.893896422542222
70.55999755859375,0.01935851364142782,-1.0,-1.0,2.0,0.001,-0.020358513641427822,0.8756980200298726
72.08999633789062,0.02168365691943719,-1.0,-1.0,0.0,0.0,-0.02168365691943719,0.8567096845985145
70.7699966430664,-0.018310441973630964,-1.0,-1.0,0.0,0.0,0.018310441973630964,0.8723964175666034
70.19000244140625,-0.00819548154828098,-1.0,-1.0,0.0,0.0,0.00819548154828098,0.8795461263095569
71.77999877929688,0.022652746581935723,-1.0,-1.0,0.0,0.0,-0.022652746581935723,0.8596219908031433
67.37999725341797,-0.06129843411404423,-1.0,-1.0,0.0,0.0,0.06129843411404423,0.9123154727693732
67.20999908447266,-0.0025229767865074804,-1.0,-1.0,0.0,0.0,0.0025229767865074804,0.914617223529142
68.61000061035156,0.020830256583091344,-1.0,-1.0,0.0,0.0,-0.020830256583091344,0.8955655120877154
69.26000213623047,0.009473859788609929,-1.0,-1.0,0.0,0.0,-0.009473859788609929,0.8870810499946817
69.48999786376953,0.003320758308477556,-1.0,-1.0,0.0,0.0,-0.003320758308477556,0.8841352682276189
71.47000122070312,0.02849335757378002,-1.0,-1.0,0.0,0.0,-0.02849335757378002,0.8589432858864194
71.98999786376953,0.007275732953475611,-1.0,-1.0,0.0,0.0,-0.007275732953475611,0.852693843916129
71.69000244140625,-0.00416718198729471,-1.0,-1.0,0.0,0.0,0.00416718198729471,0.8562471743431734
72.36000061035156,0.009345768532968313,1.0,-1.0,0.0,0.0,-0.009345768532968313,0.8482448864447539
70.37999725341797,-0.02736323024091214,1.0,1.0,2.0,0.001,-0.02836323024091214,0.824185921429845
68.04000091552734,-0.03324803110555652,-1.0,1.0,0.0,0.0,-0.03324803110555652,0.7967833622773838
68.12000274658203,0.0011758058491799783,-1.0,-1.0,2.0,0.001,-0.0021758058491799783,0.7950497163772113
68.43000030517578,0.004550756695459901,-1.0,-1.0,0.0,0.0,-0.004550756695459901,0.7914316385571842
68.69999694824219,0.003945588804067146,-1.0,-1.0,0.0,0.0,-0.003945588804067146,0.7883089747449085
67.0199966430664,-0.02445415400005735,-1.0,-1.0,0.0,0.0,0.02445415400005735,0.8075864038129478
69.16000366210938,0.0319308732651864,-1.0,-1.0,0.0,0.0,-0.0319308732651864,0.7817994647021089
69.38999938964844,0.0033255597941077575,-1.0,-1.0,0.0,0.0,-0.0033255597941077575,0.7791995438352406
68.87000274658203,-0.007493826886298849,-1.0,-1.0,0.0,0.0,0.007493826886298849,0.7850387303266249
70.0999984741211,0.01785967298513147,-1.0,-1.0,0.0,0.0,-0.01785967298513147,0.7710181953223285
71.23999786376953,0.01626247381544932,-1.0,-1.0,0.0,0.0,-0.01626247381544932,0.7584795321096641
68.94000244140625,-0.03228516972672435,-1.0,-1.0,0.0,0.0,0.03228516972672435,0.7829671725380711
68.7699966430664,-0.002465996407301163,-1.0,-1.0,0.0,0.0,0.002465996407301163,0.7848979667725847
68.72000122070312,-0.0007269946895994694,-1.0,-1.0,0.0,0.0,0.0007269946895994694,0.7854685834263058
68.0,-0.01047731676241892,-1.0,-1.0,0.0,0.0,0.01047731676241892,0.7936981865817916
68.0999984741211,0.0014705657958984375,-1.0,-1.0,0.0,0.0,-0.0014705657958984375,0.7925310011763378
69.94000244140625,0.02701914843631581,-1.0,-1.0,0.0,0.0,-0.02701914843631581,0.7711174884151724
68.54000091552734,-0.020017178681853598,-1.0,-1.0,0.0,0.0,0.020017178681853598,0.7865530849654809
68.30000305175781,-0.003501573687828219,-1.0,-1.0,0.0,0.0,0.003501573687828219,0.7893072585518762
67.19999694824219,-0.01610550592043225,-1.0,-1.0,0.0,0.0,0.01610550592043225,0.8020194512775236
68.37000274658203,0.017410801361211092,-1.0,-1.0,0.0,0.0,-0.017410801361211092,0.7880556499235031
68.58999633789062,0.003217691713777171,-1.0,-1.0,0.0,0.0,-0.003217691713777171,0.785519929788749
70.29000091552734,0.02478502213736955,-1.0,-1.0,0.0,0.0,-0.02478502213736955,0.7660508009395899
70.0199966430664,-0.003841289926648672,-1.0,-1.0,0.0,0.0,0.003841289926648672,0.7689934241645403
71.29000091552734,0.01813773683730524,1.0,-1.0,0.0,0.0,-0.01813773683730524,0.7550456238074257
70.70999908447266,-0.008135808999945704,1.0,1.0,2.0,0.001,-0.009135808999945705,0.7481476712020761
70.08000183105469,-0.00890959215917042,1.0,1.0,0.0,0.0,-0.00890959215917042,0.7414819805768326
70.58000183105469,0.0071347030099311315,1.0,1.0,0.0,0.0,0.0071347030099311315,0.7467722342954638
69.91000366210938,-0.009492747967746795,1.0,1.0,0.0,0.0,-0.009492747967746795,0.7396833136859858
69.45999908447266,-0.006436912517008175,1.0,1.0,0.0,0.0,-0.006436912517008175,0.7349220369054984
69.23999786376953,-0.0031673081428574834,1.0,1.0,0.0,0.0,-0.0031673081428574834,0.7325943123536423
70.0999984741211,0.01242057534495622,1.0,1.0,0.0,0.0,0.01242057534495622,0.741693555207517
69.62000274658203,-0.006847300113940302,1.0,1.0,0.0,0.0,-0.006847300113940302,0.7366149568424358
70.5999984741211,0.014076352899701217,1.0,1.0,0.0,0.0,0.014076352899701217,0.7469838089261481
70.98999786376953,0.005524070794298952,1.0,1.0,0.0,0.0,0.005524070794298952,0.7511102003688512
71.72000122070312,0.010283186067063577,1.0,1.0,0.0,0.0,0.010283186067063577,0.7588340063161135
73.12999725341797,0.01965973241377794,1.0,1.0,0.0,0.0,0.01965973241377794,0.7737524798267634
73.95999908447266,0.011349676770511463,1.0,1.0,0.0,0.0,0.011349676770511463,0.7825343203731789
73.55999755859375,-0.005408349524478107,1.0,1.0,0.0,0.0,-0.005408349524478107,0.7783021012537008
74.25,0.009380131379920664,1.0,1.0,0.0,0.0,0.009380131379920664,0.7856026772167288
73.31999969482422,-0.01252525663536408,1.0,1.0,0.0,0.0,-0.01252525663536408,0.7757628020711602
73.91999816894531,0.008183285278483776,1.0,1.0,0.0,0.0,0.008183285278483776,0.7821110903889444
76.56999969482422,0.03584958862988996,1.0,1.0,0.0,0.0,0.03584958862988996,0.8101494512422628
78.81999969482422,0.029384876700634166,1.0,1.0,0.0,0.0,0.029384876700634166,0.8339555929761031
77.5,-0.016747014716252284,1.0,1.0,0.0,0.0,-0.016747014716252284,0.8199893263878314
80.04000091552734,0.032774205361643105,1.0,1.0,0.0,0.0,0.032774205361643105,0.8468638249652216
78.68000030517578,-0.01699151167910251,1.0,1.0,0.0,0.0,-0.01699151167910251,0.8324743283927156
77.87999725341797,-0.010167806922405265,1.0,1.0,0.0,0.0,-0.010167806922405265,0.8240098901537595
75.88999938964844,-0.025552104955707255,1.0,1.0,0.0,0.0,-0.025552104955707255,0.8029547029560098
75.44000244140625,-0.0059295948328017545,1.0,1.0,0.0,0.0,-0.0059295948328017545,0.798193506898388
74.62000274658203,-0.010869560820350066,1.0,1.0,0.0,0.0,-0.010869560820350066,0.7895174940287474
74.66000366210938,0.0005360615660010559,1.0,1.0,0.0,0.0,0.0005360615660010559,0.7899407240129817
73.16999816894531,-0.01995721162709041,1.0,1.0,0.0,0.0,-0.01995721162709041,0.7741757098109976
73.7699966430664,0.008200061352136911,1.0,1.0,0.0,0.0,0.008200061352136911,0.7805239981287819
72.62000274658203,-0.015588910787790566,1.0,1.0,0.0,0.0,-0.015588910787790566,0.7683564791542228
72.7300033569336,0.0015147425804351577,-1.0,1.0,0.0,0.0,0.0015147425804351577,0.7695203414301509
72.52999877929688,-0.0027499596920842473,-1.0,-1.0,2.0,0.001,0.0017499596920842473,0.7708669710098925
73.16000366210938,0.00868612840777172,-1.0,-1.0,0.0,0.0,-0.00868612840777172,0.7641711215143906
72.69999694824219,-0.006287680301271359,-1.0,-1.0,0.0,0.0,0.006287680301271359,0.768975985221937
71.02999877929688,-0.022971089945632905,-1.0,-1.0,0.0,0.0,0.022971089945632905,0.7866402017445017
70.61000061035156,-0.005912968832370691,-1.0,-1.0,0.0,0.0,0.005912968832370691,0.7912915807397067
71.0,0.0055232882917048975,-1.0,-1.0,0.0,0.0,-0.0055232882917048975,0.7869210492164824
72.31999969482422,0.018591544997524245,-1.0,-1.0,0.0,0.0,-0.018591544997524245,0.7722909711204752
73.31999969482422,0.0138274336866675,-1.0,-1.0,0.0,0.0,-0.0138274336866675,0.7616121689304948
71.37000274658203,-0.02659570316910187,-1.0,-1.0,0.0,0.0,0.02659570316910187,0.7818677801053462
71.29000091552734,-0.0011209447663713679,-1.0,-1.0,0.0,0.0,0.0011209447663713679,0.7827442107014497
70.73999786376953,-0.007715009744627688,-1.0,-1.0,0.0,0.0,0.007715009744627688,0.7887830899145624
71.8499984741211,0.015691272884813978,-1.0,-1.0,0.0,0.0,-0.015691272884813978,0.7764060792037862
72.25,0.005567175147860093,-1.0,-1.0,0.0,0.0,-0.005567175147860093,0.7720836905749954
72.56999969482422,0.004429061520058397,-1.0,-1.0,0.0,0.0,-0.004429061520058397,0.768664084410805
70.4000015258789,-0.02990213832259503,-1.0,-1.0,0.0,0.0,0.02990213832259503,0.7916487841864678
70.69999694824219,0.004261298520753742,-1.0,-1.0,0.0,0.0,-0.004261298520753742,0.7882753323934575
68.93000030517578,-0.02503531427819128,-1.0,-1.0,0.0,0.0,0.02503531427819128,0.8080100530776735
68.62000274658203,-0.004497280679258475,-1.0,-1.0,0.0,0.0,0.004497280679258475,0.8116439010780263
70.3499984741211,0.025211245384644476,-1.0,-1.0,0.0,0.0,-0.025211245384644476,0.7911813475229981
69.76000213623047,-0.008386586363717696,-1.0,-1.0,0.0,0.0,0.008386586363717696,0.7978166582233623
68.37000274658203,-0.01992544935612217,-1.0,-1.0,0.0,0.0,0.01992544935612217,0.8137135136422626
68.26000213623047,-0.0016089016517856214,-1.0,-1.0,0.0,0.0,0.0016089016517856214,0.815022698658442
66.30999755859375,-0.02856730906256022,-1.0,-1.0,0.0,0.0,0.02856730906256022,0.8383057039840196
66.36000061035156,0.0007540801326924029,-1.0,-1.0,0.0,0.0,-0.0007540801326924029,0.8376735543075225
67.04000091552734,0.010247141333957543,-1.0,-1.0,0.0,0.0,-0.010247141333957543,0.8290897950048148
66.02999877929688,-0.015065664117503652,-1.0,-1.0,0.0,0.0,0.015065664117503652,0.8415805833796073
66.25,0.0033318374189050814,-1.0,-1.0,0.0,0.0,-0.0033318374189050814,0.8387765737008791
67.68000030517578,0.021584910266804203,-1.0,-1.0,0.0,0.0,-0.021584910266804203,0.8206716566236482
66.55000305175781,-0.016696176836919374,-1.0,-1.0,0.0,0.0,0.016696176836919374,0.8343737357276841
67.18000030517578,0.009466524786302388,-1.0,-1.0,0.0,0.0,-0.009466524786302388,0.8264751160773783
67.58000183105469,0.005954175707976184,-1.0,-1.0,0.0,0.0,-0.005954175707976184,0.8215541380179836
66.9000015258789,-0.010062152807804536,-1.0,-1.0,0.0,0.0,0.010062152807804536,0.8298207412946048
67.16000366210938,0.003886429451423812,-1.0,-1.0,0.0,0.0,-0.003886429451423812,0.8265957015262351
68.26000213623047,0.01637877328975934,-1.0,-1.0,0.0,0.0,-0.01637877328975934,0.8130570779286473
68.27999877929688,0.000292948175221186,-1.0,-1.0,0.0,0.0,-0.000292948175221186,0.8128188943413175
69.11000061035156,0.012155855973833951,-1.0,-1.0,0.0,0.0,-0.012155855973833951,0.8029383849288935
69.0,-0.0015916742783979032,-1.0,-1.0,0.0,0.0,0.0015916742783979032,0.8042164013033232
69.6500015258789,0.00942031196925952,-1.0,-1.0,0.0,0.0,-0.00942031196925952,0.7966404319122506
69.91999816894531,0.0038764772024604266,1.0,-1.0,0.0,0.0,-0.0038764772024604266,0.7935522734393846
69.36000061035156,-0.008009118610681987,1.0,1.0,2.0,0.001,-0.009009118610681988,0.7864030668841928
71.4800033569336,0.030565206573334835,1.0,1.0,0.0,0.0,0.030565206573334835,0.8104396390734122
71.19999694824219,-0.003917269103824728,1.0,1.0,0.0,0.0,-0.003917269103824728,0.8072649289147551
71.70999908447266,0.007162951658568284,1.0,1.0,0.0,0.0,0.007162951658568284,0.8130473285762291
66.94999694824219,-0.06637849947011298,1.0,1.0,0.0,0.0,-0.06637849947011298,0.7590784669071551
61.9900016784668,-0.0740850708867078,-1.0,1.0,0.0,0.0,-0.0740850708867078,0.702842084877765
60.70000076293945,-0.02080982223905059,-1.0,-1.0,2.0,0.001,0.01980982223905059,0.7167652616413173
59.58000183105469,-0.01845138250094691,-1.0,-1.0,0.0,0.0,0.01845138250094691,0.7299905716472525
62.349998474121094,0.04649205367467135,-1.0,-1.0,0.0,0.0,-0.04649205367467135,0.6960518108082243
60.06999969482422,-0.03656774394698992,-1.0,-1.0,0.0,0.0,0.03656774394698992,0.7215048551996982
61.5,0.023805565381066485,-1.0,-1.0,0.0,0.0,-0.023805565381066485,0.7043290241964849
61.529998779296875,0.00048778502921753564,-1.0,-1.0,0.0,0.0,-0.00048778502921753564,0.7039854630428385
61.33000183105469,-0.003250397403054772,-1.0,-1.0,0.0,0.0,0.003250397403054772,0.7062736955637013
62.470001220703125,0.01858795623043985,-1.0,-1.0,0.0,0.0,-0.01858795623043985,0.6931455110238522
64.68000030517578,0.03537696560409609,-1.0,-1.0,0.0,0.0,-0.03537696560409609,0.6686241261217278
63.08000183105469,-0.024737143886393254,-1.0,-1.0,0.0,0.0,0.024737143886393254,0.6851639773355149
64.30999755859375,0.01949898053004695,-1.0,-1.0,0.0,0.0,-0.01949898053004695,0.6718039782815602
62.27000045776367,-0.03172130583540156,-1.0,-1.0,0.0,0.0,0.03172130583540156,0.6931144777380691
62.790000915527344,0.008350737978818135,-1.0,-1.0,0.0,0.0,-0.008350737978818135,0.6873264603451531
63.02000045776367,0.0036629963192029713,-1.0,-1.0,0.0,0.0,-0.0036629963192029713,0.684808786050818
62.04999923706055,-0.015391958325249866,-1.0,-1.0,0.0,0.0,0.015391958325249866,0.6953493343464772
60.41999816894531,-0.02626915532888008,-1.0,-1.0,0.0,0.0,0.02626915532888008,0.7136155740182581
58.209999084472656,-0.03657727824309254,-1.0,-1.0,0.0,0.0,0.03657727824309254,0.7397176894277281
59.2400016784668,0.01769459904129933,-1.0,-1.0,0.0,0.0,-0.01769459904129933,0.7266286815095481
58.290000915527344,-0.01603647427452337,-1.0,-1.0,0.0,0.0,0.01603647427452337,0.7382812436677068
57.130001068115234,-0.019900494582135275,-1.0,-1.0,0.0,0.0,0.019900494582135275,0.752973405557408
59.09000015258789,0.03430770257006954,-1.0,-1.0,0.0,0.0,-0.03430770257006954,0.7271406179163721
58.06999969482422,-0.017261811730068133,-1.0,-1.0,0.0,0.0,0.017261811730068133,0.7396923823641298
59.90999984741211,0.03168589912618658,-1.0,-1.0,0.0,0.0,-0.03168589912618658,0.7162545641521314
61.02000045776367,0.018527801922528564,-1.0,-1.0,0.0,0.0,-0.018527801922528564,0.7029839414614136
61.95000076293945,0.015240909508342337,-1.0,-1.0,0.0,0.0,-0.015240909508342337,0.6922698268237824
63.66999816894531,0.027764283855099103,-1.0,-1.0,0.0,0.0,-0.027764283855099103,0.6730494508475265
63.150001525878906,-0.008167059180473335,-1.0,-1.0,0.0,0.0,0.008167059180473335,0.6785462855439833
61.619998931884766,-0.02422806899485419,-1.0,-1.0,0.0,0.0,0.02422806899485419,0.694986151766345
62.4900016784668,0.014118837417438801,1.0,-1.0,0.0,0.0,-0.014118837417438801,0.6851737552821846
62.689998626708984,0.003200463160030642,1.0,1.0,2.0,0.001,0.002200463160030642,0.686681454888903
62.560001373291016,-0.002073652197570497,1.0,1.0,0.0,0.0,-0.002073652197570497,0.6852575163809417
61.56999969482422,-0.01582483466647533,1.0,1.0,0.0,0.0,-0.01582483466647533,0.6744134294802537
61.20000076293945,-0.006009402853966006,1.0,1.0,0.0,0.0,-0.006009402853966006,0.6703606074923821
61.529998779296875,0.005392124383064578,-1.0,1.0,0.0,0.0,0.005392124383064578,0.6739752752694878
60.88999938964844,-0.010401420483430623,-1.0,-1.0,2.0,0.001,0.009401420483430623,0.6803116002277322
61.84000015258789,0.015601917760914796,-1.0,-1.0,0.0,0.0,-0.015601917760914796,0.6696974345891827
60.939998626708984,-0.014553711572739103,-1.0,-1.0,0.0,0.0,0.014553711572739103,0.6794440178931971
60.790000915527344,-0.0024613999764007133,-1.0,-1.0,0.0,0.0,0.0024613999764007133,0.681116401382805
62.52000045776367,0.028458620104979238,-1.0,-1.0,0.0,0.0,-0.028458620104979238,0.6617327684685812
63.40999984741211,0.014235434790978552,1.0,-1.0,0.0,0.0,-0.014235434790978552,0.652312714793993
62.849998474121094,-0.008831436281952154,1.0,1.0,2.0,0.001,-0.009831436281952155,0.6458995439025886
63.369998931884766,0.00827367494651221,1.0,1.0,0.0,0.0,0.00827367494651221,0.6512435067769391
64.58000183105469,0.019094254687782586,1.0,1.0,0.0,0.0,0.019094254687782586,0.6636785161591027
65.29000091552734,0.010994101336975204,1.0,1.0,0.0,0.0,0.010994101336975204,0.6709750650209292
64.9800033569336,-0.004748009714302559,1.0,1.0,0.0,0.0,-0.004748009714302559,0.667789268894155
68.1500015258789,0.048784210606031886,1.0,1.0,0.0,0.0,0.048784210606031886,0.7003668412283356
68.04000091552734,-0.0016140954935971452,1.0,1.0,0.0,0.0,-0.0016140954935971452,0.6992363822660441
72.9800033569336,0.07260438528710988,1.0,1.0,0.0,0.0,0.07260438528710988,0.7500040099708528
71.7699966430664,-0.016579976133314744,1.0,1.0,0.0,0.0,-0.016579976133314744,0.7375689613856458
74.83999633789062,0.042775530701112396,1.0,1.0,0.0,0.0,0.042775530701112396,0.769118865137585
75.13999938964844,0.00400859254994268,1.0,1.0,0.0,0.0,0.00400859254994268,0.7722019492903959
74.93000030517578,-0.0027947709100140106,1.0,1.0,0.0,0.0,-0.0027947709100140106,0.7700438217458629
68.51000213623047,-0.08567994318427696,1.0,1.0,0.0,0.0,-0.08567994318427696,0.704066510849274
64.37000274658203,-0.060429123639729965,1.0,1.0,0.0,0.0,-0.060429123639729965,0.6615203886145699
64.91999816894531,0.008544281480436622,1.0,1.0,0.0,0.0,0.008544281480436622,0.6671726050199406
65.23999786376953,0.004929138999533844,1.0,1.0,0.0,0.0,0.004929138999533844,0.670461191526765
65.5199966430664,0.004291826923133124,1.0,1.0,0.0,0.0,0.004291826923133124,0.6733386949194755
65.11000061035156,-0.00625757102748925,1.0,1.0,0.0,0.0,-0.00625757102748925,0.66912523021046
65.44999694824219,0.005221875820971444,-1.0,1.0,0.0,0.0,0.005221875820971444,0.6726193190712979
67.44999694824219,0.030557679041323782,1.0,-1.0,2.0,0.001,-0.03155767904132378,0.6513930144830521
67.0,-0.006671563656073909,1.0,1.0,2.0,0.001,-0.007671563656073909,0.6463958115073235
66.5,-0.007462686567164201,1.0,1.0,0.0,0.0,-0.007462686567164201,0.6415719621677166
67.93000030517578,0.021503763987605673,1.0,1.0,0.0,0.0,0.021503763987605673,0.6553681742232362
68.33000183105469,0.005888436980449052,1.0,1.0,0.0,0.0,0.005888436980449052,0.6592272684161418
68.37999725341797,0.0007316759991737865,1.0,1.0,0.0,0.0,0.0007316759991737865,0.6597096091864427
66.56999969482422,-0.02646969335032079,1.0,1.0,0.0,0.0,-0.02646969335032079,0.6422472981310177
68.44999694824219,0.028240908247505025,1.0,1.0,0.0,0.0,0.028240908247505025,0.6603849451497438
66.9800033569336,-0.021475436915214363,1.0,1.0,0.0,0.0,-0.021475436915214363,0.6462028899204232
66.5199966430664,-0.006867821600662349,1.0,1.0,0.0,0.0,-0.006867821600662349,0.6417648837546173
66.37999725341797,-0.0021046211171603657,1.0,1.0,0.0,0.0,-0.0021046211171603657,0.6404142118280153
67.54000091552734,0.01747519900732808,1.0,1.0,0.0,0.0,0.01747519900732808,0.651605577626831
67.33999633789062,-0.0029612759094698182,1.0,1.0,0.0,0.0,-0.0029612759094698182,0.6496759937273285
67.19999694824219,-0.002078993128332929,1.0,1.0,0.0,0.0,-0.002078993128332929,0.6483253218007266
66.20999908447266,-0.014732111737029263,-1.0,1.0,0.0,0.0,-0.014732111737029263,0.6387741207180128
65.25,-0.01449930671722044,-1.0,-1.0,2.0,0.001,0.013499306717220438,0.647397128496608
66.02999877929688,0.011954004280411823,-1.0,-1.0,0.0,0.0,-0.011954004280411823,0.6396581404514332
65.16000366210938,-0.013175755463746608,-1.0,-1.0,0.0,0.0,0.013175755463746608,0.6480861196904162
66.70999908447266,0.023787528165297056,-1.0,-1.0,0.0,0.0,-0.023787528165297056,0.6326697528647424
69.20999908447266,0.03747564134777348,1.0,-1.0,0.0,0.0,-0.03747564134777348,0.6089600481147988
70.0,0.011414548850999573,1.0,1.0,2.0,0.001,0.010414548850999572,0.6153020922841974
69.26000213623047,-0.010571398053850434,1.0,1.0,0.0,0.0,-0.010571398053850434,0.6087974889432941
67.33000183105469,-0.02786601567495739,1.0,1.0,0.0,0.0,-0.02786601567495739,0.5918327285735255
66.29000091552734,-0.01544632240077648,1.0,1.0,0.0,0.0,-0.01544632240077648,0.5826910894406476
65.16000366210938,-0.017046269992633034,-1.0,1.0,0.0,0.0,-0.017046269992633034,0.5727583798077409
64.3499984741211,-0.012431018147092243,-1.0,-1.0,2.0,0.001,0.011431018147092242,0.5793055912412224
63.880001068115234,-0.007303767166286335,-1.0,-1.0,0.0,0.0,0.007303767166286335,0.5835367043977762
63.880001068115234,0.0,-1.0,-1.0,0.0,0.0,-0.0,0.5835367043977762
63.959999084472656,0.0012523170792080318,-1.0,-1.0,0.0,0.0,-0.0012523170792080318,0.582805931416514
63.16999816894531,-0.012351484159403792,-1.0,-1.0,0.0,0.0,0.012351484159403792,0.5900044496464117
62.650001525878906,-0.008231702677522601,-1.0,-1.0,0.0,0.0,0.008231702677522601,0.5948611908543164
63.959999084472656,0.0209097769622979,-1.0,-1.0,0.0,0.0,-0.0209097769622979,0.5824227760300258
62.79999923706055,-0.018136333083433653,-1.0,-1.0,0.0,0.0,0.018136333083433653,0.5929857894914844
63.41999816894531,0.009872594576703086,-1.0,-1.0,0.0,0.0,-0.009872594576703086,0.5871314812020888
62.349998474121094,-0.016871644997116464,-1.0,-1.0,0.0,0.0,0.016871644997116464,0.5970373551195616
63.209999084472656,0.013793113574950722,-1.0,-1.0,0.0,0.0,-0.013793113574950722,0.5888023510719093
63.52000045776367,0.004904309093197945,-1.0,-1.0,0.0,0.0,-0.004904309093197945,0.5859146823474509
63.65999984741211,0.002204020602007528,-1.0,-1.0,0.0,0.0,-0.002204020602007528,0.5846233143165385
64.80000305175781,0.017907684685488423,-1.0,-1.0,0.0,0.0,-0.017907684685488423,0.5741540643439728
63.25,-0.023919799054944124,-1.0,-1.0,0.0,0.0,0.023919799054944124,0.5878877141896601
64.1500015258789,0.014229273136425302,-1.0,-1.0,0.0,0.0,-0.014229273136425302,0.5795224993309067
64.5999984741211,0.007014761302237105,-1.0,-1.0,0.0,0.0,-0.007014761302237105,0.5754572873288245
64.01000213623047,-0.009133070461711856,-1.0,-1.0,0.0,0.0,0.009133070461711856,0.5807129792817042
65.58999633789062,0.024683551772073153,-1.0,-1.0,0.0,0.0,-0.024683551772073153,0.5663789203928894
63.970001220703125,-0.024698813960013055,-1.0,-1.0,0.0,0.0,0.024698813960013055,0.5803678079785464
63.47999954223633,-0.007659866642432012,-1.0,-1.0,0.0,0.0,0.007659866642432012,0.5848133479912225
61.869998931884766,-0.025362328638335097,-1.0,-1.0,0.0,0.0,0.025362328638335097,0.599645576315061
62.2599983215332,0.00630352992373262,-1.0,-1.0,0.0,0.0,-0.00630352992373262,0.5958656924811251
62.630001068115234,0.005942864705379636,-1.0,-1.0,0.0,0.0,-0.005942864705379636,0.5923245432881324
63.720001220703125,0.017403802235328447,-1.0,-1.0,0.0,0.0,-0.017403802235328447,0.5820158440776145
